<?xml version="1.0" encoding="UTF-8"?>
<project-private xmlns="http://www.netbeans.org/ns/project-private/1">
    <editor-bookmarks xmlns="http://www.netbeans.org/ns/editor-bookmarks/2" lastBookmarkId="0"/>
    <open-files xmlns="http://www.netbeans.org/ns/projectui-open-files/2">
        <group>
            <file>file:/E:/pgp/pgpwebsite1/src/java/H2jdbc.java</file>
            <file>file:/E:/pgp/pgpwebsite1/web/coursecontent.jsp</file>
            <file>file:/E:/pgp/pgpwebsite1/web/Registration.jsp</file>
            <file>file:/E:/pgp/pgpwebsite1/src/java/H2login.java</file>
            <file>file:/E:/pgp/pgpwebsite1/web/Login.jsp</file>
            <file>file:/E:/pgp/pgpwebsite1/src/java/RValidate.java</file>
            <file>file:/E:/pgp/pgpwebsite1/web/WEB-INF/web.xml</file>
            <file>file:/E:/pgp/pgpwebsite1/web/index.html</file>
            <file>file:/E:/pgp/pgpwebsite1/src/java/LValidate.java</file>
        </group>
    </open-files>
</project-private>
